{
  "project_info": {
    "project_number": "1095387664713",
    "project_id": "socialapp-2eb0e",
    "storage_bucket": "socialapp-2eb0e.appspot.com"
  },
  "client": [
    {
      "client_info": {
        "mobilesdk_app_id": "1:1095387664713:android:e26594d8494b9a6a198a98",
        "android_client_info": {
          "package_name": "com.example.socialapp"
        }
      },
      "oauth_client": [
        {
          "client_id": "1095387664713-7tdqujmvdbg6bmp64l1gu28sar6i41hs.apps.googleusercontent.com",
          "client_type": 1,
          "android_info": {
            "package_name": "com.example.socialapp",
            "certificate_hash": "9ee941e875ca2f132f8f96cd1e55febdff722d73"
          }
        },
        {
          "client_id": "1095387664713-vnclnfrer241u77f1nk9ncv08jdo08d8.apps.googleusercontent.com",
          "client_type": 1,
          "android_info": {
            "package_name": "com.example.socialapp",
            "certificate_hash": "409d6c441a5a30f1142dc6770234d3e62460a351"
          }
        },
        {
          "client_id": "1095387664713-6g83dqkjeufj3i945op1ujl83eoolmff.apps.googleusercontent.com",
          "client_type": 3
        }
      ],
      "api_key": [
        {
          "current_key": "AIzaSyAzKNeoQNkwJh96tKEyQlhf_eSE85yORVU"
        }
      ],
      "services": {
        "appinvite_service": {
          "other_platform_oauth_client": [
            {
              "client_id": "1095387664713-6g83dqkjeufj3i945op1ujl83eoolmff.apps.googleusercontent.com",
              "client_type": 3
            }
          ]
        }
      }
    }
  ],
  "configuration_version": "1"
}